ro	en	fr
Căpitanul	Captain	Capitaine
CĂPITANUL	CAPTAIN	CAPITAINE
Română	Romanian	Roumain
Un echipaj. O singură navă.	One crew. One ship.	Un équipage. Un seul vaisseau.
Predă Căpitanului și pornește	Hand over to the Captain and start	Passer le relais au Capitaine et démarrer
Revezi trecerea cu obturatorul închis	Replay with shutter closed	Revoir avec l'obturateur fermé
Înregistrează tot · gratuit	Record everything · free	Tout enregistrer · gratuit
Închizi obturatorul prin nor sau lași sonda să înregistreze?	Close the shutter in the cloud, or let the probe keep recording?	Fermer l'obturateur dans le nuage ou laisser la sonde enregistrer ?
Orizont ×{0}	Range ×{0}	Portée ×{0}
Orizont ×1	Range ×1	Portée ×1
REPERELE CĂLĂTORIEI	JOURNEY WAYPOINTS	REPÈRES DU VOYAGE
SINCRONIZAT CU FILMUL · TRASEU SCHEMATIC	SYNCHRONIZED WITH THE FILM · SCHEMATIC ROUTE	SYNCHRONISÉ AVEC LE FILM · TRAJET SCHÉMATIQUE
PLECARE	DEPARTURE	DÉPART
Decolarea	Take-off	Décollage
DIRECȚIE	DIRECTION	DIRECTION
TRASEU	ROUTE	TRAJET
ENERGIE	ENERGY	ÉNERGIE
STABILITATE	STABILITY	STABILITÉ
CUVINTE	WORDS	MOTS
SEMNAL	SIGNAL	SIGNAL
PULS	PULSE	POULS
LEGĂTURĂ	CONNECTION	LIEN
AMINTIRE	MEMORY	SOUVENIR
TIMP	TIME	TEMPS
Locul din stânga	Left seat	Place à gauche
Locul din dreapta	Right seat	Place à droite
Fiecare alege în locul său. La fel, diferit sau doar priviți — toate sunt în regulă.	Choose on your own side. You can agree, choose differently or simply watch.	Choisis de ton côté. Vous pouvez faire le même choix, choisir différemment ou simplement regarder.
Comandantul	Commander	Commandant
Avatarul AI	AI Avatar	Avatar IA
Lumea Luminii	World of Light	Monde de la Lumière
Lumea Naturii	World of Nature	Monde de la Nature
Lumea Cristalului	Crystal World	Monde du Cristal
Steaua Omenirii	Humanity's Star	L'Étoile de l'Humanité
Protocolul Acasă · original	Home Protocol · original	Protocole Retour · original
5–10 ani · Steaua Omenirii	Ages 5–10 · Humanity's Star	5–10 ans · L'Étoile de l'Humanité
10–15 ani · Semnalul fără semnătură	Ages 10–15 · The Unsigned Signal	10–15 ans · Le Signal sans signature
15–18 ani · Dreptul de a schimba cursul	Ages 15–18 · The Right to Change Course	15–18 ans · Le Droit de changer de cap
Adulți · Ce lăsăm deschis	Adults · What We Leave Open	Adultes · Ce que nous laissons ouvert
A PATRA LUME	THE FOURTH WORLD	LE QUATRIÈME MONDE
A  P A T R A  L U M E	THE FOURTH WORLD	LE QUATRIÈME MONDE
Acasă	Home	Chez nous
Pământ	Earth	Terre
Pământul	Earth	La Terre
Saturn	Saturn	Saturne
Lumina	Light	Lumière
Natura	Nature	Nature
Cristal	Crystal	Cristal
Tunel	Tunnel	Tunnel
Stea	Star	Étoile
Cerc	Circle	Cercle
Picătură	Drop	Goutte
Frunză	Leaf	Feuille
Triunghi	Triangle	Triangle
Pătrat	Square	Carré
Romb	Diamond	Losange
Spirală	Spiral	Spirale
Inimă	Heart	Cœur
Soare	Sun	Soleil
Roșu	Red	Rouge
Albastru	Blue	Bleu
Verde	Green	Vert
Galben	Yellow	Jaune
Mov	Purple	Violet
Roz	Pink	Rose
Portocaliu	Orange	Orange
Alb	White	Blanc
Negru	Black	Noir
Curiozitatea	Curiosity	La curiosité
Echipajul	The crew	L'équipage
Navigație	Navigation	Navigation
Propulsie	Propulsion	Propulsion
Comunicații	Communications	Communications
Memorie	Memory	Mémoire
Resurse	Resources	Ressources
Explorator	Explorer	Explorateur
explorator	 explorer	 explorateur
exploratori	explorers	explorateurs
Gata	Ready	Prêt
Confirmă	Confirm	Confirmer
Continuă	Continue	Continuer
Înapoi	Back	Retour
Pauză	Pause	Pause
Pornește	Start	Démarrer
Start	Start	Démarrer
Oprește	Stop	Arrêter
Reia	Resume	Reprendre
Trimite	Send	Envoyer
Închide	Close	Fermer
Deschide	Open	Ouvrir
Alege	Choose	Choisir
Privește	Watch	Regarder
Doar privesc	Just watching	Je regarde
Da	Yes	Oui
Nu	No	Non
Anulează	Cancel	Annuler
Salvează	Save	Enregistrer
Salut, navă!	Hello, ship!	Salut, vaisseau !
Trimite simbolul meu	Send my symbol	Envoyer mon symbole
Loc liber	Free seat	Place libre
Postul {0}	Station {0}	Poste {0}
Post {0} · Loc {1}	Station {0} · Seat {1}	Poste {0} · Place {1}
La bord	Aboard	À bord
Nava echipajului. {0} locuri ocupate. {1}	Crew ship. {0} occupied seats. {1}	Vaisseau de l'équipage. {0} places occupées. {1}
Așteptăm prima lumină.	Waiting for the first light.	Nous attendons la première lumière.
EXODUS7 · AM CONSTRUIT ÎMPREUNĂ	EXODUS7 · WE BUILT THIS TOGETHER	EXODUS7 · NOUS L'AVONS CONSTRUIT ENSEMBLE
BUN VENIT LA BORD · ECHIPAJUL PRINDE VIAȚĂ	WELCOME ABOARD · OUR CREW COMES TO LIFE	BIENVENUE À BORD · L'ÉQUIPAGE PREND VIE
Steaua noastră poartă ceva de la fiecare	Everyone has a place in our star	Notre étoile porte un peu de chacun
Nava poartă ceva de la fiecare	Our ship carries something from everyone	Notre vaisseau porte un peu de chacun
Călătoria începe cu tine	The journey begins with you	Le voyage commence avec toi
Aprindem nava împreună	Let's light up the ship together	Allumons le vaisseau ensemble
Acum suntem un echipaj	Now we're a crew	Nous voilà un équipage
Alege un simbol pe tabletă și apasă „Trimite simbolul meu”. Îl vei regăsi aici, la locul tău.	Choose a symbol on your tablet and tap “Send my symbol”. It will appear here, at your place.	Choisis un symbole sur ta tablette et touche « Envoyer mon symbole ». Il apparaîtra ici, à ta place.
Apasă „Salut, navă!” pe tabletă. Caută numărul și litera ta pe navă.	Tap “Hello, ship!” on your tablet. Find your number and letter on the ship.	Touche « Salut, vaisseau ! » sur ta tablette. Trouve ton numéro et ta lettre sur le vaisseau.
Fiecare aprinde lumina sa. Puteți apăsa pe rând.	Everyone lights their own light. You can take turns.	Chacun allume sa lumière. Vous pouvez le faire à tour de rôle.
Comenzile răspund. Priviți înainte: Căpitanul preia călătoria.	The controls are responding. Look ahead: the Captain is taking over.	Les commandes répondent. Regardez devant vous : le Capitaine prend la suite.
Comenzile răspund. Priviți înainte: Comandantul preia călătoria.	The controls are responding. Look ahead: the Commander is taking over.	Les commandes répondent. Regardez devant vous : le Commandant prend la suite.
EXODUS7 · ÎMBARCAREA A ÎNCEPUT	EXODUS7 · NOW BOARDING	EXODUS7 · EMBARQUEMENT OUVERT
Eroii acestei călătorii sunteți voi	You're the heroes of this journey	Les héros de ce voyage, c'est vous
Alege un personaj pe jumătatea ta de tabletă și confirmă. Îl vei vedea aici, în echipaj.	Choose a character on your half of the tablet and confirm. You'll see them here, in the crew.	Choisis un personnage sur ta moitié de tablette et confirme. Tu le retrouveras ici, dans l'équipage.
Apasă „Salut, navă!” pe tabletă. Caută personajul tău aici: culoarea lui îți arată lumina de pe navă.	Tap “Hello, ship!” on your tablet. Find your character here: their colour shows your light on the ship.	Touche « Salut, vaisseau ! » sur ta tablette. Retrouve ton personnage ici : sa couleur indique ta lumière sur le vaisseau.
Alege un simbol și trimite-l de pe tabletă. Va apărea lângă personajul tău și va aprinde o lumină în jurul stelei.	Choose a symbol and send it from your tablet. It will appear beside your character and light up a ray around the star.	Choisis un symbole et envoie-le depuis ta tablette. Il apparaîtra près de ton personnage et allumera un rayon autour de l'étoile.
Alege un simbol și trimite-l de pe tabletă. Va apărea lângă personajul tău și pe navă.	Choose a symbol and send it from your tablet. It will appear beside your character and on the ship.	Choisis un symbole et envoie-le depuis ta tablette. Il apparaîtra près de ton personnage et sur le vaisseau.
Alege pe tabletă	Choose on your tablet	Choisis sur ta tablette
{0} · În ritmul tău	{0} · At your own pace	{0} · À ton rythme
La bord · {0}	Aboard · {0}	À bord · {0}
Luăm o pauză. Continuăm împreună.	We're taking a break. We'll continue together.	Faisons une pause. Nous reprendrons ensemble.
Un loc pentru fiecare. Poți participa sau poți privi.	A place for everyone. Join in or simply watch.	Une place pour chacun. Tu peux participer ou regarder.
explorator confirmat	explorer confirmed	explorateur confirmé
exploratori confirmați	explorers confirmed	explorateurs confirmés
Primul explorator poate urca la bord. Aventura merge și cu un singur participant.	The first explorer can board. Even one participant can begin the adventure.	Le premier explorateur peut embarquer. L'aventure fonctionne même avec une seule personne.
Caută drumuri noi	Seeks new paths	Cherche de nouveaux chemins
Găsește direcția aventurii	Finds the way to adventure	Trouve le cap de l'aventure
Descoperă trasee	Discovers routes	Découvre des itinéraires
Citește hărțile stelare	Reads star charts	Lit les cartes stellaires
Dă energie navei	Powers the ship	Donne de l'énergie au vaisseau
Ocrotește viața	Protects life	Protège la vie
Deslușește semnale	Deciphers signals	Déchiffre les signaux
Ține echipajul aproape	Brings the crew together	Rassemble l'équipage
Păstrează descoperirile	Preserves discoveries	Conserve les découvertes
Robotul curios	The curious robot	Le robot curieux
Exploratorul jucăuș	The playful explorer	L'explorateur espiègle
Descoperă lumile de gheață	Explores icy worlds	Explore les mondes de glace
Primim câte un impuls la fiecare 2 secunde. Ce putem spune sigur?	We receive one pulse every 2 seconds. What can we say for certain?	Nous recevons une impulsion toutes les 2 secondes. Que pouvons-nous affirmer ?
Se repetă la intervale egale	It repeats at equal intervals	Il se répète à intervalles réguliers
Cunoaștem ritmul. Încă nu știm cine sau ce îl produce.	We know the rhythm. We don't yet know who or what produces it.	Nous connaissons le rythme. Nous ignorons encore qui ou quoi le produit.
Decidem împreună	We decide together	Nous décidons ensemble
Cercetezi sau păstrezi rezerva?	Investigate or save your energy?	Explorer ou garder une réserve ?
Pentru această probă ai o singură unitate de energie. Cum o folosești?	You have one energy unit for this practice run. How will you use it?	Pour cet exercice, tu as une unité d'énergie. Comment l'utiliseras-tu ?
Cercetez acum · consum 1	Investigate now · cost 1	Explorer maintenant · coût 1
Păstrez energia · consum 0	Save energy · cost 0	Garder l'énergie · coût 0
Alege, apoi confirmă. Energia misiunii rămâne întreagă.	Choose, then confirm. Your mission energy stays untouched.	Choisis, puis confirme. L'énergie de la mission reste intacte.
Ce iei cu tine?	What will you take with you?	Qu'emportes-tu avec toi ?
Curaj de explorator	An explorer's courage	Le courage d'explorer
Ce ar putea însemna semnalul?	What could the signal mean?	Que pourrait signifier le signal ?
Ne asumăm deciziile luate	We take responsibility for our decisions	Nous assumons nos décisions
Atinge piesa pentru a o roti. Apoi trage-o în contur.	Tap the piece to rotate it. Then drag it into the outline.	Touche la pièce pour la tourner. Puis fais-la glisser dans le contour.
Trage o piesă pe alt loc. Apoi apasă butonul de trimitere.	Drag a piece to another position. Then tap Send.	Fais glisser une pièce à une autre place. Puis touche Envoyer.
Trage o înregistrare peste explicația aleasă. Compară întâi rezultatele.	Drag a recording onto your chosen explanation. Compare the results first.	Fais glisser un enregistrement sur l'explication choisie. Compare d'abord les résultats.
Trage fereastra peste zona cercetată. Alege tipul scanării, apoi pornește-o.	Drag the window over the area to investigate. Choose a scan type, then start it.	Fais glisser la fenêtre sur la zone à explorer. Choisis le type de balayage, puis lance-le.
Trage documentul spre capsulă. Poți și să-l selectezi, apoi să apeși Trimite.	Drag the document to the capsule. Or select it, then tap Send.	Fais glisser le document vers la capsule. Ou sélectionne-le, puis touche Envoyer.
Închide obturatorul: trage în jos sau atinge. Costă un credit.	Close the shutter: drag down or tap. It costs one credit.	Ferme l'obturateur : glisse vers le bas ou touche-le. Cela coûte un crédit.
DIPLOMA ECHIPAJULUI	CREW DIPLOMA	DIPLÔME DE L'ÉQUIPAGE
CERTIFICAT DE MISIUNE	MISSION CERTIFICATE	CERTIFICAT DE MISSION
Am privit, am descoperit și am dus povestea mai departe.	We watched, discovered and carried the story forward.	Nous avons observé, découvert et prolongé l'histoire.
Curiozitatea este începutul fiecărei descoperiri.	Curiosity is the beginning of every discovery.	La curiosité est le début de chaque découverte.
Semilună	Crescent	Croissant de lune
Clopoțel	Bell	Clochette
Aripă	Wing	Aile
Flacără	Flame	Flamme
Undă	Wave	Onde
Far	Beacon	Balise
far	beacon	balise
Releu	Relay	Relais
releu	relay	relais
Își păstrează ritmul	It keeps its own rhythm	Il garde son propre rythme
Repetă ce trimitem	It repeats what we send	Il répète ce que nous envoyons
Harta observațiilor	Observation map	Carte des observations
își păstrează ritmul	it keeps its own rhythm	il garde son propre rythme
repetă ce trimitem	it repeats what we send	il répète ce que nous envoyons
DUPĂ DATĂ	BY DATE	PAR DATE
DUPĂ TITLU	BY TITLE	PAR TITRE
DUPĂ LOC	BY LOCATION	PAR LIEU
DUPĂ COD	BY CODE	PAR CODE
A Patra Lume	The Fourth World	Le Quatrième Monde
Semnalul fără semnătură	The Unsigned Signal	Le Signal sans signature
Dreptul de a schimba cursul	The Right to Change Course	Le Droit de changer de cap
Ce lăsăm deschis	What We Leave Open	Ce que nous laissons ouvert
Pragul unui senzor simulat	Simulated sensor threshold	Seuil d'un capteur simulé
Indexul unei copii de arhivă	Index of an archive copy	Index d'une copie d'archive
Schimbă reperul	Change reference frame	Changer de repère
32° față de un reper rotit cu 20°; aceeași direcție.	32° relative to a reference rotated by 20°; the same direction.	32° par rapport à un repère tourné de 20° ; même direction.
Citește puterea	Read power	Lire la puissance
4 unități în ambele recepții; nu separă modelele.	4 units in both receptions; this does not distinguish the models.	4 unités dans les deux réceptions ; cela ne distingue pas les modèles.
Verifică saturația	Check saturation	Vérifier la saturation
Măsoară intervalele	Measure time intervals	Mesurer les intervalles
Recepția veche: 2–2–2.	Previous reception: 2–2–2.	Réception précédente : 2–2–2.
Recepția veche: intervale 2, 2, 2 secunde.	Previous reception: intervals of 2, 2, 2 seconds.	Réception précédente : intervalles de 2, 2, 2 secondes.
Repetă proba veche	Repeat the previous test	Répéter l'essai précédent
2–2–2 trimis și primit; ambele modele rămân posibile.	2–2–2 sent and received; both models remain possible.	2–2–2 envoyé et reçu ; les deux modèles restent possibles.
Recepție 2–2–2, fără informație despre cauză.	Reception 2–2–2, with no information about its cause.	Réception 2–2–2, sans information sur sa cause.
2–2–2, fără proba de intrare arhivată.	2–2–2, with no archived input test.	2–2–2, sans essai d'entrée archivé.
Caută expeditorul	Find the sender	Chercher l'émetteur
Verifică ceasurile	Check the clocks	Vérifier les horloges
Diferență 0,0 s în simulare; ceasuri aliniate.	Difference of 0.0 s in the simulation; clocks aligned.	Écart de 0,0 s dans la simulation ; horloges alignées.
un singur ritm testat	one rhythm tested	un seul rythme testé
Pilotul așteaptă: mai avem de ales o regulă.	The pilot is waiting: one rule still needs to be chosen.	Le pilote attend : il reste une règle à choisir.
Propune; echipajul decide	Proposes; the crew decides	Propose ; l'équipage décide
Adunăm lumina, potrivim piesele și aprindem Steaua Omenirii.	Gather light, fit the pieces and light up Humanity's Star.	Rassemblons la lumière, assemblons les pièces et allumons l'Étoile de l'Humanité.
Uită-te la contur. Cauți piesa „{0}”.	Look at the outline. Find the “{0}” piece.	Regarde le contour. Cherche la pièce « {0} ».
Rotește piesa până când semnul auriu ajunge sus. Apoi așaz-o.	Rotate the piece until the gold mark is at the top. Then place it.	Tourne la pièce jusqu'à placer le repère doré en haut. Puis pose-la.
Ai găsit piesa.	You found the piece.	Tu as trouvé la pièce.
Semnul auriu este sus. Acum poți așeza piesa!	The gold mark is at the top. Now place the piece!	Le repère doré est en haut. Tu peux poser la pièce !
Semnul auriu este {0}. Rotește piesa până când semnul ajunge sus.	The gold mark is {0}. Rotate the piece until the mark is at the top.	Le repère doré est {0}. Tourne la pièce pour le placer en haut.
în dreapta	on the right	à droite
în stânga	on the left	à gauche
jos	at the bottom	en bas
sus	at the top	en haut
Rotește piesa	Rotate the piece	Tourner la pièce
Așază piesa	Place the piece	Poser la pièce
Ia piesa	Take the piece	Prendre la pièce
Ai găsit piesa! O luăm cu noi.	You found the piece! It's coming with us.	Tu as trouvé la pièce ! Nous l'emportons.
Se potrivește! Steaua are acum și piesa ta.	It fits! Your piece is part of the star.	Elle s'emboîte ! Ta pièce fait partie de l'étoile.
Află dacă semnalul răspunde la ce îi trimitem.	Find out whether the signal responds to what we send.	Découvre si le signal répond à ce que nous envoyons.
Ce observație îți susține concluzia?	Which observation supports your conclusion?	Quelle observation soutient ta conclusion ?
Modelul 1 păstrează ritmul 2–2–2, indiferent ce trimitem.	Model 1 keeps the rhythm 2–2–2, whatever we send.	Le modèle 1 garde le rythme 2–2–2, quel que soit notre envoi.
Anulează ultimul interval	Undo the last interval	Annuler le dernier intervalle
Două ritmuri diferite, două răspunsuri identice cu ce ai trimis. Care model explică rezultatul?	Two different rhythms, each copied exactly in the response. Which model explains this?	Deux rythmes différents, chacun reproduit dans la réponse. Quel modèle explique ce résultat ?
Concluzia ta: {0}. Observația aleasă: {1}.	Your conclusion: {0}. Your evidence: {1}.	Ta conclusion : {0}. L'observation choisie : {1}.
Câtă libertate îi dai pilotului automat?	How much freedom will you give the autopilot?	Quelle liberté donnes-tu au pilote automatique ?
alege când cere acordul	choose when it asks for approval	choisir quand il demande l'accord
Doi senzori pot indica același lucru și totuși să greșească. Testăm regula, nu siguranța unei nave reale.	Two sensors can agree and still be wrong. We're testing a rule, not a real ship's safety.	Deux capteurs peuvent être d'accord et se tromper. Nous testons une règle, pas la sécurité d'un vrai vaisseau.
Nu ai rulat un test. Poți compara regulile, dar nu avem încă un rezultat de test.	You haven't run a test. You can compare rules, but there is no test result yet.	Tu n'as pas lancé de test. Tu peux comparer les règles, mais il n'y a pas encore de résultat.
Investești în verificare sau păstrezi rezerva?	Spend energy on verification or keep it in reserve?	Investir dans la vérification ou garder la réserve ?
Primești datele nefiltrate ale sondei?	Accept the probe's unfiltered data?	Accepter les données non filtrées de la sonde ?
Cercetezi trei zone sau una în detaliu?	Investigate three areas or one in detail?	Explorer trois zones ou une seule en détail ?
Cercetez trei zone · 1 credit	Investigate three areas · 1 credit	Explorer trois zones · 1 crédit
Cercetez una în detaliu · 2 credite	Investigate one in detail · 2 credits	Explorer une zone en détail · 2 crédits
Păstrez rezerva	Keep my reserve	Garder ma réserve
Trimit harta observațiilor	Send the observation map	Envoyer la carte des observations
{0} a fost trimis. Echipajul următor va primi și limitele cercetării tale.	{0} was sent. The next crew will also receive the limits of your investigation.	{0} a été envoyé. Le prochain équipage recevra aussi les limites de ton exploration.
Compară documentele. Poți trimite unul singur.	Compare the documents. You can send only one.	Compare les documents. Tu ne peux en envoyer qu'un.
Identitatea expeditorului rămâne necunoscută.	The sender's identity remains unknown.	L'identité de l'émetteur reste inconnue.
{0}: Loc neocupat.	{0}: Unoccupied seat.	{0} : Place inoccupée.
așezată în stea	placed in the star	placée dans l'étoile
încă neașezată	not placed yet	pas encore placée
încă nealeasă	not chosen yet	pas encore choisie
mai ai de ales dovada	you still need to choose evidence	il reste une preuve à choisir
libertate încă nealeasă	autonomy not chosen yet	autonomie pas encore choisie
acord încă neales	approval rule not chosen yet	règle de confirmation pas encore choisie
regulă încă nealeasă	rule not chosen yet	règle pas encore choisie
{0}: {1} · cercetare: {2} · sondă: {3} · rezervă {4} · arhivă: {5}{6}{7}	{0}: {1} · investigation: {2} · probe: {3} · reserve {4} · archive: {5}{6}{7}	{0} : {1} · exploration : {2} · sonde : {3} · réserve {4} · archives : {5}{6}{7}
Facem o pauză. Continuăm în curând.	We're taking a break. We'll continue soon.	Faisons une pause. Nous reprendrons bientôt.
Scanare păstrată	Scan saved	Scan enregistré
Ambele probe	Both tests	Les deux tests
Masa de lucru	Workbench	Table de travail
Ia piesa {0}	Take the {0} piece	Prends la pièce {0}
Așază piesa în fereastră	Place the piece in the window	Pose la pièce dans la fenêtre
Așază în fereastră	Place in the window	Poser dans la fenêtre
Cercul se potrivește oricum l-ai întoarce.	The circle fits whichever way you turn it.	Le cercle s'emboîte dans tous les sens.
Închide circuitul. Aprinde becul.	Complete the circuit. Light the bulb.	Ferme le circuit. Allume l'ampoule.
Rotește legătura {0}	Rotate connector {0}	Tourner le raccord {0}
Rotește {0}	Rotate {0}	Tourner {0}
Curentul are nevoie de un drum întreg, dus și întors.	Current needs a complete path, out and back.	Le courant a besoin d'un chemin complet, aller et retour.
Mișcă antena. Ce crezi că face semnalul?	Move the antenna. What do you think the signal does?	Bouge l'antenne. Que fait le signal, à ton avis ?
Ritmul trimis	Sent rhythm	Rythme envoyé
Semnal: {0}%. Pregătește primul ritm.	Signal: {0}%. Prepare your first rhythm.	Signal : {0} %. Prépare ton premier rythme.
Nu am recepționat răspunsul. Orientează antena și încearcă iar.	No response received. Adjust the antenna and try again.	Aucune réponse reçue. Oriente l'antenne et réessaie.
Alege înregistrarea {0}	Choose recording {0}	Choisir l'enregistrement {0}
Farul păstrează ritmul	The beacon keeps its rhythm	La balise garde son rythme
Releul copiază ritmul	The relay copies the rhythm	Le relais copie le rythme
Du înregistrarea pe explicație. Sau atinge-le pe rând.	Drag the recording onto the explanation. Or tap the recording, then the explanation.	Glisse l'enregistrement sur l'explication. Ou touche l'enregistrement, puis l'explication.
STÂNGA	LEFT	GAUCHE
DREAPTA	RIGHT	DROITE
stânga	left	gauche
dreapta	right	droite
Bun venit, {0}!	Welcome, {0}!	Bienvenue, {0} !
Atinge un personaj, apoi confirmă. Alege doar pentru tine.	Tap a character, then confirm. Choose only for yourself.	Touche un personnage, puis confirme. Choisis seulement pour toi.
Echipaj confirmat	Crew confirmed	Équipage confirmé
Echipaj pregătit	Crew ready	Équipage prêt
12 personaje · aventura ta	12 characters · your adventure	12 personnages · ton aventure
✓ La bord	✓ Aboard	✓ À bord
Privește ecranul central. Ghidul ne spune când pornim.	Watch the centre screen. Our guide will tell us when to start.	Regarde l'écran central. Le guide nous dira quand partir.
Personaj rezervat. Alege alt prieten.	Character reserved. Choose another friend.	Personnage réservé. Choisis un autre ami.
{0} este alegerea ta. Confirmă când ești gata.	You've chosen {0}. Confirm when you're ready.	Tu as choisi {0}. Confirme quand tu es prêt.
Poți lăsa liberă cealaltă jumătate dacă ești singur.	If you're on your own, leave the other half free.	Si tu es seul, laisse l'autre moitié libre.
Nu este nimeni aici? Lasă această jumătate liberă.	Nobody here? Leave this half free.	Personne ici ? Laisse cette moitié libre.
Acest loc este liber. Povestea continuă pe ecrane.	This seat is free. The story continues on the screens.	Cette place est libre. L'histoire continue sur les écrans.
Raza ta însoțește steaua	Your ray travels with the star	Ton rayon accompagne l'étoile
Ce duce raza ta mai departe?	What will your ray carry onward?	Que transmettra ton rayon ?
raza ta	your ray	ton rayon
Raza ta a ajuns	Your ray has arrived	Ton rayon est arrivé
Trimitem raza…	Sending your ray…	Envoi de ton rayon…
Trimite raza mea	Send my ray	Envoyer mon rayon
Alege ce vrei să dăruiești. Apoi trimite raza ta către Steaua Omenirii.	Choose your gift. Then send your ray to Humanity's Star.	Choisis ton cadeau. Puis envoie ton rayon vers l'Étoile de l'Humanité.
Proba s-a încheiat. Privește începutul călătoriei.	Practice complete. Watch the journey begin.	L'essai est terminé. Regarde le voyage commencer.
Lumina ta a ajuns pe ecran. Privește cum se adună echipajul.	Your light has reached the screen. Watch the crew come together.	Ta lumière est à l'écran. Regarde l'équipage se rassembler.
Salut primit	Greeting received	Salut reçu
Comanda ta a ajuns la navă. Mai avem un pas înainte de decolare.	The ship received your command. One more step before take-off.	Le vaisseau a reçu ta commande. Encore une étape avant le départ.
Aprindem luminile împreună	Let's light up together	Allumons nos lumières ensemble
Privește ecranul central. Căpitanul preia călătoria.	Watch the centre screen. The Captain is taking over.	Regarde l'écran central. Le Capitaine prend la suite.
Privește ecranul central. Comandantul preia călătoria.	Watch the centre screen. The Commander is taking over.	Regarde l'écran central. Le Commandant prend la suite.
Atinge butonul din jumătatea ta. Când sunteți gata amândoi, luminile voastre se unesc pe ecran.	Tap the button on your half. When you're both ready, your lights join on screen.	Touche le bouton de ta moitié. Quand vous êtes prêts tous les deux, vos lumières se rejoignent à l'écran.
Atinge butonul din jumătatea ta. Lumina ta aprinde nava de pe ecran.	Tap the button on your half. Your light lights up the ship on screen.	Touche le bouton de ta moitié. Ta lumière allume le vaisseau à l'écran.
Rămâi la postul tău. Pornim împreună.	Stay at your station. We'll set off together.	Reste à ton poste. Nous partirons ensemble.
Lumina ta rămâne aprinsă. Privește ecranul central.	Your light stays on. Watch the centre screen.	Ta lumière reste allumée. Regarde l'écran central.
Refacem legătura cu nava. Așteaptă puțin.	Reconnecting to the ship. Please wait a moment.	Reconnexion au vaisseau. Patiente un instant.
Facem o pauză. Continuăm împreună.	We're taking a break. We'll continue together.	Faisons une pause. Nous reprendrons ensemble.
Arată propunerea. Voi decideți.	It shows a proposal. You decide.	Il présente une proposition. Vous décidez.
Se oprește și cere acordul.	It stops and asks for approval.	Il s'arrête et demande l'accord.
Execută acțiunea singur.	It carries out the action on its own.	Il exécute l'action seul.
ÎNAINTE	BEFORE	AVANT
ACUM	NOW	MAINTENANT
Înainte	Before	Avant
Doar propune	Proposals only	Proposer seulement
Acord de fiecare dată	Approval every time	Confirmation à chaque fois
Acord dacă senzorii diferă	Approval if sensors disagree	Confirmation si les capteurs divergent
Înainte: {0} Acum: {1}	Before: {0} Now: {1}	Avant : {0} Maintenant : {1}
Vei vedea mai mult teren, cu mai puține detalii. Îți rămâne un credit.	You'll see more ground in less detail. You'll have one credit left.	Tu verras plus de terrain, moins en détail. Il te restera un crédit.
Timp de trei secunde, sonda nu poate vedea. Urmărește golul din înregistrare.	The probe cannot see for three seconds. Watch the gap in the recording.	Pendant trois secondes, la sonde ne voit rien. Observe le vide dans l'enregistrement.
Harta cercetată	Surveyed map	Carte explorée
Citirile sondei	Probe readings	Relevés de la sonde
Nu ai creat un document în etapele anterioare. Capsula rămâne goală.	You haven't created a document in earlier stages. The capsule stays empty.	Tu n'as pas créé de document aux étapes précédentes. La capsule reste vide.
Glisează o înregistrare în capsulă. Sau atinge-o, apoi apasă „Trimite”.	Drag a recording into the capsule. Or tap it, then tap “Send”.	Glisse un enregistrement dans la capsule. Ou touche-le, puis touche « Envoyer ».
PARCURS	PROGRESS	PARCOURS
STARE	STATUS	ÉTAT
EXPLORARE	EXPLORING	EXPLORATION
SECTOR	SECTOR	SECTEUR
PARCURS FILM	FILM PROGRESS	PROGRESSION DU FILM
PARCURS SECVENȚĂ	SEQUENCE PROGRESS	PROGRESSION DE LA SÉQUENCE
REPERE	LANDMARKS	REPÈRES
CRONOMETRIA MISIUNII	MISSION CLOCK	CHRONOMÈTRE DE MISSION
Pregătire	Preparation	Préparation
Așteptare	Waiting	En attente
Staționare	Stationary	À l'arrêt
Sosire	Arrival	Arrivée
Decolare	Take-off	Décollage
Revenire	Return	Retour
AVATARUL AI	AI AVATAR	AVATAR IA
AVATAR AI	AI AVATAR	AVATAR IA
CAPITANUL	CAPTAIN	CAPITAINE
COMANDANTUL	COMMANDER	COMMANDANT
Protocolul Acasă	Home Protocol	Protocole Retour
Epilog continuu	Continuous epilogue	Épilogue continu
Trei citiri apropiate într-o singură zonă. Celelalte două rămân necercetate.	Three close readings in one area. The other two areas remain unexplored.	Trois relevés rapprochés dans une zone. Les deux autres restent inexplorées.
Citiri afectate de interferențe	Readings affected by interference	Relevés perturbés par des interférences
Trei secunde fără citiri. Întreruperea este vizibilă; nu am inventat date în locul ei.	Three seconds without readings. The gap is visible; no data was invented to fill it.	Trois secondes sans relevés. L'interruption est visible ; aucune donnée n'a été inventée pour la combler.
Prinde lumina!	Catch the light!	Attrape la lumière !
Atinge bucata care se potrivește cu forma de sus.	Tap the piece that matches the shape at the top.	Touche la pièce qui correspond à la forme en haut.
Atinge piesa potrivită sau du-o pe contur.	Tap the matching piece or drag it onto the outline.	Touche la bonne pièce ou glisse-la sur le contour.
Caută această formă	Find this shape	Trouve cette forme
Rotește piesa și trage-o în contur.	Rotate the piece, then drag it into the outline.	Tourne la pièce, puis glisse-la dans le contour.
Rotește cele două coturi ca să aprinzi steaua.	Rotate both connectors to light the star.	Tourne les deux raccords pour allumer l'étoile.
Becul se aprinde când circuitul este închis: bateria și becul sunt legate printr-un drum dus și întors.	The bulb lights when the circuit is complete: the battery and bulb are connected by a path out and back.	L'ampoule s'allume quand le circuit est fermé : la pile et l'ampoule sont reliées par un chemin aller et retour.
Rotește antena. Ce crezi că se află la capăt?	Rotate the antenna. What do you think is at the other end?	Tourne l'antenne. Qu'y a-t-il à l'autre bout, à ton avis ?
Schimbă ordinea pieselor 1, 2 și 3. Trimite ritmul.	Reorder pieces 1, 2 and 3. Send the rhythm.	Change l'ordre des pièces 1, 2 et 3. Envoie le rythme.
Trage un rezultat peste explicația pe care o susține.	Drag a result onto the explanation it supports.	Glisse un résultat sur l'explication qu'il soutient.
Schimbăm intrarea și urmărim dacă se schimbă răspunsul.	Change the input and see whether the response changes.	Changeons l'entrée et observons si la réponse change.
Tu îi dai libertatea	You choose its freedom	Tu fixes sa liberté
Schimbă regula. Vezi diferența.	Change the rule. See the difference.	Change la règle. Observe la différence.
Pornește o probă cu senzorii de acord, apoi una în care se contrazic.	Run a test with agreeing sensors, then one with conflicting sensors.	Lance un test avec des capteurs concordants, puis un avec des capteurs contradictoires.
Culoar liber	Clear corridor	Couloir dégagé
· indice simulat 0–100	· simulated index 0–100	· indice simulé 0–100
Un nor trece prin dreptul sondei	A cloud passes the probe	Un nuage passe devant la sonde
Mută instrumentul, apoi alege cât cercetezi.	Move the instrument, then choose how much to investigate.	Déplace l'instrument, puis choisis l'étendue de ton exploration.
Trage un document către următorul echipaj.	Drag a document to the next crew.	Glisse un document vers le prochain équipage.
Ai prins-o! Piesa ta intră în valiză.	You caught it! Your piece goes into the case.	Tu l'as attrapée ! Ta pièce rejoint la valise.
Nu se potrivește încă. Urmărește marginea formei, nu culoarea.	Not a match yet. Follow the shape's outline, not its colour.	Ce n'est pas encore la bonne pièce. Regarde son contour, pas sa couleur.
Acum încearcă piesa în contur.	Now try the piece in the outline.	Essaie maintenant la pièce dans le contour.
Se potrivește! Piesa ta rămâne în stea.	It fits! Your piece stays in the star.	Elle s'emboîte ! Ta pièce reste dans l'étoile.
Încă nu intră. Rotește-o și încearcă din nou.	It doesn't fit yet. Rotate it and try again.	Elle ne s'emboîte pas encore. Tourne-la et réessaie.
Circuitul este închis. Becul s-a aprins!	The circuit is complete. The bulb is on!	Le circuit est fermé. L'ampoule s'est allumée !
Circuitul este încă întrerupt. Rotește cotul ca să legi firele.	The circuit still has a gap. Rotate the connector to join the wires.	Le circuit est encore coupé. Tourne le raccord pour relier les fils.
Am păstrat presupunerea ta. Urmează să o încercăm.	Your hypothesis is saved. Next, we'll test it.	Ton hypothèse est enregistrée. Nous allons la tester.
A revenit ritmul tău. Schimbă ordinea și vezi dacă te urmărește.	Your rhythm came back. Change the order and see whether it follows you.	Ton rythme est revenu. Change l'ordre et vois s'il te suit.
Nu am primit un răspuns clar. Reglează antena și trimite din nou.	No clear response. Adjust the antenna and send again.	Pas de réponse claire. Règle l'antenne et renvoie le rythme.
Ai arătat ce ne lipsește. Mai multe teste ar putea lămuri răspunsul.	You've shown what's missing. More tests could clarify the answer.	Tu as montré ce qui manque. D'autres tests pourraient clarifier la réponse.
Tu stabilești ambele reguli. Pornește o probă când le-ai ales.	You set both rules. Run a test once you've chosen them.	Tu fixes les deux règles. Lance un test après les avoir choisies.
Pilotul așteaptă ambele reguli. Nu presupune permisiunea colegului.	The pilot waits for both rules. It does not assume your partner's permission.	Le pilote attend les deux règles. Il ne présume pas de l'accord de ton partenaire.
Instrument mutat. Privirea de probă nu consumă energie.	Instrument moved. The preview uses no energy.	Instrument déplacé. L'aperçu ne consomme pas d'énergie.
Ai cercetat zona {0} în detaliu. Celelalte rămân deschise.	You investigated area {0} in detail. The others remain unexplored.	Tu as exploré la zone {0} en détail. Les autres restent à découvrir.
Ai harta celor trei zone. Detaliile mici încă se ascund în medie.	You have a map of all three areas. Small details remain hidden in the averages.	Tu as la carte des trois zones. Les petits détails restent cachés dans les moyennes.
Obturatorul se închide. În grafic rămâne o întrerupere.	The shutter closes. A gap remains in the graph.	L'obturateur se ferme. Une interruption reste dans le graphique.
Obturatorul rămâne deschis. Urmărește citirile afectate de interferențe.	The shutter stays open. Watch the readings affected by interference.	L'obturateur reste ouvert. Observe les relevés perturbés par les interférences.
AVATAR LUMINĂ	LIGHT AVATAR	AVATAR DE LUMIÈRE
AVATAR NATURĂ	NATURE AVATAR	AVATAR DE LA NATURE
TEHNOLOGICA	CRYSTAL AVATAR	AVATAR DE CRISTAL
LUMEA LUMINII	WORLD OF LIGHT	MONDE DE LA LUMIÈRE
LUMEA NATURII	WORLD OF NATURE	MONDE DE LA NATURE
LUMEA CRISTALULUI	CRYSTAL WORLD	MONDE DU CRISTAL
SIMULARE	SIMULATION	SIMULATION
EST	EAST	EST
VEST	WEST	OUEST
LIN	SMOOTH	DOUX
RAPID	FAST	RAPIDE
CUTIA {0}	BOX {0}	BOÎTE {0}
NIVEL {0}	LEVEL {0}	NIVEAU {0}
SECVENȚĂ	SEQUENCE	SÉQUENCE
SECVENȚE	SEQUENCES	SÉQUENCES
URMEAZĂ	NEXT	À SUIVRE
MAI SUNT	REMAINING	TEMPS RESTANT
Scena {0}	Scene {0}	Scène {0}
Planeta Luminii (Siwarha)	World of Light (Siwarha)	Monde de la Lumière (Siwarha)
Planeta Naturii (Kepler-186 d)	World of Nature (Kepler-186 d)	Monde de la Nature (Kepler-186 d)
Planeta Tehnologiei (Mann · Gargantua)	Technology World (Mann · Gargantua)	Monde de la Technologie (Mann · Gargantua)
EXEMPLAR DE DEMONSTRAȚIE / REPETIȚIE	DEMONSTRATION / REHEARSAL COPY	EXEMPLAIRE DE DÉMONSTRATION / RÉPÉTITION
Intrare	Entrance	Entrée
Centru	Centre	Centre
centru	centre	centre
Nor	Cloud	Nuage
Raport	Report	Rapport
Ansamblu · 1 credit	Overview · 1 credit	Vue d'ensemble · 1 crédit
Detaliu · 2 credite	Detail · 2 credits	Détail · 2 crédits
credite	credits	crédits
credit	credit	crédit
Tunelul	The tunnel	Le tunnel
Baterie	Battery	Pile
Bec	Bulb	Ampoule
Semnal	Signal	Signal
Semnal: {0}%	Signal: {0}%	Signal : {0} %
Proba {0}	Test {0}	Essai {0}
Consum	Consumption	Consommation
Conectivitate	Connectivity	Connectivité
indice simulat 0–100	simulated index 0–100	indice simulé 0–100
Atelierul Mann	Mann's workshop	L'atelier Mann
privește	watching	regarde
privești	you're watching	tu regardes
încă alege	still choosing	choisit encore
Razele trimise de voi însoțesc steaua mai departe.	Your rays travel onward with the star.	Vos rayons poursuivent le voyage avec l'étoile.
persoană privește	person watching	personne regarde
persoane privesc	people watching	personnes regardent
Poți urmări proba fără să apeși.	You can watch the activity without tapping.	Tu peux regarder l'activité sans toucher.
Poți urmări proba în ritmul tău.	You can watch the activity at your own pace.	Tu peux regarder l'activité à ton rythme.
Un ritm regulat este un indiciu. Sursa rămâne necunoscută.	A regular rhythm is a clue. The source remains unknown.	Un rythme régulier est un indice. La source reste inconnue.
O probă înainte de misiune: cercetezi acum sau păstrezi energia?	A practice run: investigate now or save your energy?	Un essai avant la mission : explorer maintenant ou garder l'énergie ?
Caută steaua. Alege-o, apoi confirmă.	Find the star. Choose it, then confirm.	Cherche l'étoile. Choisis-la, puis confirme.
Fiecare apasă în jumătatea sa.	Each person taps on their own half.	Chacun touche sa moitié d'écran.
Suntem gata. Privește ecranul central.	We're ready. Watch the centre screen.	Nous sommes prêts. Regarde l'écran central.
Atinge fiecare cot ca să-l rotești. Unește capetele drumului.	Tap each connector to rotate it. Join the ends of the path.	Touche chaque raccord pour le tourner. Relie les extrémités du chemin.
Apasă câte o probă. Urmărește ce face nava în fiecare situație.	Tap one test at a time. Watch what the ship does in each situation.	Lance un test à la fois. Observe le vaisseau dans chaque situation.
Cercul se potrivește oricum l-ai roti. Conturul lui rămâne același.	The circle fits at any rotation. Its outline stays the same.	Le cercle s'emboîte dans tous les sens. Son contour reste identique.
Ai rotit piesa până s-a potrivit. Forma ei a rămas aceeași.	You rotated the piece until it fitted. Its shape stayed the same.	Tu as tourné la pièce pour l'emboîter. Sa forme est restée identique.
Ai închis circuitul. Curentul are un drum dus și întors prin bec.	You completed the circuit. Current has a path through the bulb and back to the battery.	Tu as fermé le circuit. Le courant peut traverser l'ampoule et revenir à la pile.
Bec aprins	Bulb on	Ampoule allumée
Înapoi la baterie	Back to the battery	Retour à la pile
Ai păstrat o ipoteză. Intensitatea semnalului nu ne spune cine îl trimite.	You saved a hypothesis. Signal strength does not identify the sender.	Tu as enregistré une hypothèse. L'intensité du signal n'identifie pas l'émetteur.
Urmează probele	Tests come next	Place aux tests
Ai legat o concluzie de o observație. Verifică dacă observația susține explicația.	You linked a conclusion to an observation. Check whether the observation supports the explanation.	Tu as relié une conclusion à une observation. Vérifie si l'observation soutient l'explication.
Observație	Observation	Observation
În această probă, decizia a rămas aceeași. O schimbare de regulă nu schimbă orice rezultat.	The decision stayed the same in this test. Changing a rule doesn't change every result.	Dans ce test, la décision reste identique. Changer une règle ne change pas tous les résultats.
Ai rulat ambele probe. Pilotul urmează regulile primite, chiar dacă senzorii pot greși.	You ran both tests. The pilot follows its rules, even when the sensors may be wrong.	Tu as lancé les deux tests. Le pilote suit ses règles, même si les capteurs peuvent se tromper.
Ai stabilit o regulă. Probele arată ce consecințe are.	You set a rule. The tests show its consequences.	Tu as fixé une règle. Les tests en montrent les conséquences.
Regulă	Rule	Règle
Senzori de acord	Agreeing sensors	Capteurs concordants
Senzori diferiți	Conflicting sensors	Capteurs contradictoires
Obturatorul a oprit înregistrarea prin nor. Pauza lasă date lipsă, nu măsurători curate.	The shutter stopped recording through the cloud. The pause leaves missing data, not clean readings.	L'obturateur a coupé l'enregistrement dans le nuage. Cela laisse des données manquantes, pas des mesures propres.
Ai transmis un document, împreună cu limitele lui.	You sent a document together with its limitations.	Tu as transmis un document avec ses limites.
{0} credite rămase	{0} credits remaining	{0} crédits restants
Înregistrare	Recording	Enregistrement
Echipajul următor	The next crew	Le prochain équipage
LOGURI	LOGS	JOURNAUX
Loguri	Logs	Journaux
DEPANARE	DEBUG	DIAGNOSTIC
Depanare	Debug	Diagnostic
ANALITICĂ	ANALYTICS	ANALYSE
Analitică	Analytics	Analyse
CLIPURI	CLIPS	CLIPS
Administrare	Administration	Administration
ADMINISTRARE	ADMINISTRATION	ADMINISTRATION
Prezentare	Overview	Vue d'ensemble
Utilizatori	Users	Utilisateurs
Sesiuni	Sessions	Sessions
Autentificare	Sign-in	Connexion
Conturi	Accounts	Comptes
CONTURI	ACCOUNTS	COMPTES
Ecrane	Displays	Écrans
Tablete	Tablets	Tablettes
Tabletă	Tablet	Tablette
ECRANE	DISPLAYS	ÉCRANS
TABLETE	TABLETS	TABLETTES
BIOSEMNALE	BIOSIGNALS	BIOSIGNAUX
GHID	GUIDE	GUIDE
IEȘI	SIGN OUT	DÉCONNEXION
Ieșire	Exit	Quitter
Intră	Sign in	Connexion
Conectat	Connected	Connecté
Conectat · {0} ({1})	Connected · {0} ({1})	Connecté · {0} ({1})
Activ: {0}	Active: {0}	Actif : {0}
5–10 ani	Ages 5–10	5–10 ans
10–15 ani	Ages 10–15	10–15 ans
15–18 ani	Ages 15–18	15–18 ans
Înainte de show	Before the show	Avant le spectacle
În show	During the show	Pendant le spectacle
Instrumente	Tools	Outils
Calibrare panoramă	Panorama calibration	Étalonnage du panorama
Arată playerul	Show the player	Afficher le lecteur
ARATĂ PLAYERUL	SHOW THE PLAYER	AFFICHER LE LECTEUR
{0} participanți	{0} participants	{0} participants
{0} ecran conectat	{0} display connected	{0} écran connecté
{0} ecrane conectate	{0} displays connected	{0} écrans connectés
{0} înregistrări păstrate	{0} records stored	{0} entrées conservées
toate active	all active	tous actifs
În așteptare	Waiting	En attente
Neîncărcat	Not loaded	Non chargé
Pregătit	Ready	Prêt
Pregătită	Ready	Prête
Pornit	On	Activé
Oprit	Off	Désactivé
Disponibil	Available	Disponible
Indisponibil	Unavailable	Indisponible
REÎNCARCĂ	RELOAD	RECHARGER
RESTAUREAZĂ	RESTORE	RESTAURER
DECONECTEAZĂ	DISCONNECT	DÉCONNECTER
O SINGURĂ NAVĂ · CINCI FERESTRE	ONE SHIP · FIVE WINDOWS	UN VAISSEAU · CINQ FENÊTRES
closed by operator	closed by operator	fermé par l'opérateur
{0}: `at` ({1}) este după finalul filmului ({2})	{0}: `at` ({1}) is after the end of the film ({2})	{0} : `at` ({1}) est après la fin du film ({2})
SHOW {0} · TIMPI ABSOLUȚI	SHOW {0} · ABSOLUTE TIMES	SPECTACLE {0} · TEMPS ABSOLUS
TIMPI ABSOLUȚI	ABSOLUTE TIMES	TEMPS ABSOLUS
MISIUNE · RECUPERARE · DISPLAY-URI	MISSION · RECOVERY · DISPLAYS	MISSION · RÉCUPÉRATION · ÉCRANS
stare	state	état
ecrane / tablete	displays / tablets	écrans / tablettes
rol	role	rôle
proces	process	processus
rezultat	result	résultat
voci	voices	voix
Tip	Type	Type
Nume	Name	Nom
De	Since	Depuis
DISPONIBIL	AVAILABLE	DISPONIBLE
RULARE	RUN	EXÉCUTER
TIMPI ALINIAȚI	ALIGNED TIMINGS	CHRONOLOGIE SYNCHRONISÉE
TIMPI PROVIZORII	PROVISIONAL TIMINGS	CHRONOLOGIE PROVISOIRE
SHOW {0} · {1}	SHOW {0} · {1}	SPECTACLE {0} · {1}
NEÎNCĂRCAT	NOT LOADED	NON CHARGÉ
ÎNCĂRCAT	LOADED	CHARGÉ
PREGĂTIREA CĂLĂTORIEI	PREPARING THE JOURNEY	PRÉPARER LE VOYAGE
Administrator	Administrator	Administrateur
READINESS: {0}	READINESS: {0}	PRÉPARATION : {0}
GATA	READY	PRÊT
NU E GATA	NOT READY	PAS PRÊT
NU	NO	NON
PROBLEME	ISSUES	PROBLÈMES
ecrane {0}	displays {0}	écrans {0}
tablete {0}	tablets {0}	tablettes {0}
video {0}	video {0}	vidéo {0}
active {0}	assets {0}	ressources {0}
neverificate	unchecked	non vérifiées
lipsesc: {0}	missing: {0}	manquants : {0}
Se așteaptă cel puțin un personaj confirmat pe tabletă.	Waiting for at least one confirmed character on a tablet.	En attente d'au moins un personnage confirmé sur une tablette.
Video neîncărcat pe ecranul de referință	Video not loaded on the reference display	Vidéo non chargée sur l'écran de référence
Preflight voci: asset-e lipsă sau corupte	Voice preflight: missing or corrupted assets	Vérification des voix : fichiers manquants ou corrompus
Rulare curentă	Current session	Session actuelle
{0} rulări citite	{0} sessions loaded	{0} sessions chargées
revizia {0}	revision {0}	révision {0}
Ieșiri native	Native display outputs	Sorties d'affichage natives
SĂNĂTATE SERVER	SERVER HEALTH	ÉTAT DU SERVEUR
PREFLIGHT ACTIVE	ASSET PREFLIGHT	VÉRIFICATION DES RESSOURCES
RULEAZĂ	RUN	EXÉCUTER
{0}/{1} valide · {2} cu viseme · {3}{4}	{0}/{1} valid · {2} with lip-sync data · {3}{4}	{0}/{1} valides · {2} avec synchronisation labiale · {3}{4}
{0}/{1} valide	{0}/{1} valid	{0}/{1} valides
{0} cu viseme	{0} with lip-sync data	{0} avec synchronisation labiale
PERFORMANȚĂ ECRANE	DISPLAY PERFORMANCE	PERFORMANCES DES ÉCRANS
Văzut	Last seen	Dernier contact
Cue-uri	Cues	Repères
Analitica rulărilor	Session analytics	Analyse des sessions
FIECARE CĂLĂTORIE CONTEAZĂ	EVERY JOURNEY MATTERS	CHAQUE VOYAGE COMPTE
Rulări, participare și alegerile echipajului, într-o privire.	Sessions, participation and crew choices at a glance.	Les sessions, la participation et les choix de l'équipage en un coup d'œil.
Rulări înregistrate	Recorded sessions	Sessions enregistrées
Răspunsuri tablete / rulare	Tablet responses per session	Réponses sur tablette par session
Rulări	Sessions	Sessions
Rulare	Session	Session
RULARE	SESSION	SESSION
RULĂRI	SESSIONS	SESSIONS
{0} rulări	{0} sessions	{0} sessions
{0} rulări · actualizat {1}	{0} sessions · updated {1}	{0} sessions · mise à jour à {1}
actualizat {0}	updated {0}	mise à jour à {0}
{0} misiuni pornite	{0} missions started	{0} missions lancées
{0} doar server	{0} server-only sessions	{0} sessions serveur uniquement
ultima {0}	latest {0}	dernière {0}
Rată de finalizare	Completion rate	Taux de réussite
Comenzi trimise (toate rulările)	Commands sent (all sessions)	Commandes envoyées (toutes les sessions)
Alegerile copiilor pe interacțiune	Children's choices by activity	Choix des enfants par activité
OPERATOR	OPERATOR	OPÉRATEUR
ECHIPAJ	CREW	ÉQUIPAGE
JURNAL	LOG	JOURNAL
STARE	STATE	ÉTAT
MOD	MODE	MODE
REZUMAT	SUMMARY	RÉSUMÉ
Stare	State	État
Mod	Mode	Mode
Rezumat	Summary	Résumé
Nicio rulare de afișat.	No sessions to display.	Aucune session à afficher.
Nicio misiune pornită încă.	No missions have started yet.	Aucune mission n'a encore commencé.
fără misiuni pornite	no missions started	aucune mission lancée
doar misiuni pornite	started missions only	missions lancées uniquement
Include verificările tehnice	Include technical checks	Inclure les vérifications techniques
VEDERE DIN SALĂ	VIEW FROM THE ROOM	VUE DEPUIS LA SALLE
Filmul întreg în centru. Univers continuu pe laterale.	The full film in the centre. A continuous universe on either side.	Le film entier au centre. Un univers continu sur les côtés.
O sursă comună, cinci decupaje. Fără duplicare.	One source, five crops. No duplication.	Une source, cinq découpes. Aucune duplication.
Cadru din film · secunde	Film frame · seconds	Image du film · secondes
Vezi cadrul	View frame	Afficher l'image
02 · POZIȚII FIZICE	02 · PHYSICAL POSITIONS	02 · POSITIONS PHYSIQUES
Măsoară. Aliniază.	Measure. Align.	Mesurer. Aligner.
Ecran	Display	Écran
Babord exterior	Outer port	Bâbord extérieur
Babord interior	Inner port	Bâbord intérieur
Tribord interior	Inner starboard	Tribord intérieur
Tribord exterior	Outer starboard	Tribord extérieur
CALIBRAREA IMAGINII SĂLII	ROOM IMAGE CALIBRATION	CALIBRAGE DE L'IMAGE DE LA SALLE
Acest atelier previzualizează și exportă configurația. Pentru aplicare, importă profilul pe PC și repornește playerul. Filmul și vocile rămân în configurația locală.	This workspace previews and exports the configuration. To apply it, import the profile on the PC and restart the player. The film and voices remain in the local configuration.	Cet espace permet de prévisualiser et d'exporter la configuration. Pour l'appliquer, importez le profil sur le PC et redémarrez le lecteur. Le film et les voix restent dans la configuration locale.
Nava Glass · Calibrare fizică · Previzualizarea nu confirmă conexiunile hardware.	Nava Glass · Physical calibration · The preview does not verify hardware connections.	Nava Glass · Calibrage physique · L'aperçu ne vérifie pas les connexions matérielles.
Acest explorator a luat parte la călătoria navei EXODUS7.	This explorer took part in the EXODUS7 voyage.	Cet explorateur a participé au voyage du vaisseau EXODUS7.
Acest echipaj a luat parte la călătoria navei EXODUS7.	This crew took part in the EXODUS7 voyage.	Cet équipage a participé au voyage du vaisseau EXODUS7.
{0} explorator · Personaje ale poveștii	{0} explorer · Story characters	{0} explorateur · Personnages de l'histoire
{0} exploratori · Personaje ale poveștii	{0} explorers · Story characters	{0} explorateurs · Personnages de l'histoire
Semilună	Crescent	Croissant
Acasă	Home	Retour
Pământ → Lumina → Natura → Cristal → Saturn → Acasă	Earth → Light → Nature → Crystal → Saturn → Home	Terre → Lumière → Nature → Cristal → Saturne → Retour
Pământ → Lumina → Natura → Cristal → Tunel → Saturn → Acasă	Earth → Light → Nature → Crystal → Tunnel → Saturn → Home	Terre → Lumière → Nature → Cristal → Tunnel → Saturne → Retour
Nivel	Level	Niveau
CONSOLĂ	CONSOLE	CONSOLE
STARE SHOW	SHOW STATE	ÉTAT DU SPECTACLE
CLIENȚI CONECTAȚI	CONNECTED CLIENTS	CLIENTS CONNECTÉS
Fără recuperare în așteptare	No recovery pending	Aucune récupération en attente
{1}/{2} valide · {3} cu viseme · {4}{5}	{1}/{2} valid · {3} with lip-sync data · {4}{5}	{1}/{2} valides · {3} avec synchronisation labiale · {4}{5}
PREGĂTIM CĂLĂTORIA	PREPARING THE JOURNEY	PRÉPARATION DU VOYAGE
Așteptăm cel puțin un personaj confirmat pe tabletă.	Waiting for at least one confirmed character on a tablet.	En attente d'au moins un personnage confirmé sur une tablette.
Confirmă cel puțin un personaj pe tabletă înainte de a omite tutorialul.	Confirm at least one character on a tablet before skipping the tutorial.	Confirmez au moins un personnage sur une tablette avant de passer le tutoriel.
CINCI FIȘIERE · UN SINGUR ZID	FIVE FILES · ONE VIDEO WALL	CINQ FICHIERS · UN SEUL MUR VIDÉO
Testarea clipurilor	Video clip testing	Test des vidéos
Zidul reconstituit	Reconstructed video wall	Mur vidéo reconstitué
Ce te uiți să vezi	What to look for	Points à vérifier
Derivă între fluxuri	Drift between video streams	Décalage entre les flux vidéo
Panou	Panel	Écran
Derivă	Drift	Décalage
Corecție	Correction	Correction
Bitrate	Bitrate	Débit
Viteză	Speed	Vitesse
▶ Redă	▶ Play	▶ Lire
❚❚ Pauză	❚❚ Pause	❚❚ Pause
Panourile sunt sincronizate	Panels are synchronized	Les écrans sont synchronisés
Prag de salt · ms	Seek threshold · ms	Seuil de repositionnement · ms
Prag de corecție fină · ms	Fine correction threshold · ms	Seuil de correction fine · ms
Resincronizează acum	Resynchronize now	Resynchroniser maintenant
Ce s-a încărcat	Loaded files	Fichiers chargés
Limba experienței	Experience language	Langue de l'expérience
ATINGE ACUM	TAP NOW	TOUCHE MAINTENANT
Ce crezi că ține o lume în viață?	What do you think keeps a world alive?	À ton avis, qu'est-ce qui maintient un monde en vie ?
AURIU · CERC	GOLD · CIRCLE	OR · CERCLE
ALBASTRU · UNDĂ	BLUE · WAVE	BLEU · ONDE
VERDE · FRUNZĂ	GREEN · LEAF	VERT · FEUILLE
VIOLET · STEA	PURPLE · STAR	VIOLET · ÉTOILE
CURIOZITATEA	CURIOSITY	LA CURIOSITÉ
GRIJA	CARE	L'ATTENTION AUX AUTRES
POVEȘTILE	STORIES	LES HISTOIRES
ALEGERILE	CHOICES	LES CHOIX
ALTCEVA	SOMETHING ELSE	AUTRE CHOSE
Iată ce ați ales: {{items}}.	Here is what you chose: {{items}}.	Voici vos choix : {{items}}.
Am primit mesajele voastre: {{items}}.	We received your messages: {{items}}.	Nous avons reçu vos messages : {{items}}.
Nu am primit încă niciun mesaj de la echipaj.	We haven't received a message from the crew yet.	Nous n'avons pas encore reçu de message de l'équipage.
{0} a privit	{0} watched	{0} a observé
{0} a ales {1}	{0} chose {1}	{0} a choisi {1}
Un post	A station	Un poste
Întrebare bună, echipaj. Țineți posturile și priviți semnalul: răspunsul vine odată cu drumul.	Good question, crew. Stay at your stations and watch the signal: the journey will reveal the answer.	Bonne question, équipage. Restez à vos postes et observez le signal : le voyage nous apportera la réponse.
Consemnat în jurnalul de bord. Rămâneți atenți — fiecare post vede o parte din adevăr.	Recorded in the ship's log. Stay alert: each station sees part of the truth.	C'est noté dans le journal de bord. Restez attentifs : chaque poste découvre une partie de la vérité.
Nu știu încă totul, dar știu asta: un echipaj care întreabă este un echipaj viu.	I don't know everything yet, but I know this: a crew that asks questions is a crew full of life.	Je ne sais pas encore tout, mais je sais ceci : un équipage qui pose des questions est un équipage plein de vie.
Vom afla împreună. Până atunci, respirați adânc și fiți gata la posturi.	We'll find out together. Until then, take a deep breath and stay ready at your stations.	Nous le découvrirons ensemble. En attendant, respirez profondément et restez prêts à vos postes.
Ascult. Fiecare întrebare a voastră devine un fragment din semnal.	I'm listening. Every question you ask becomes a piece of the signal.	Je vous écoute. Chacune de vos questions devient un fragment du signal.
Siwarha, Planeta Luminii. Acolo, emoțiile pe care alegeți să le arătați devin lumină.	Siwarha, the Planet of Light. There, the feelings you choose to share become light.	Siwarha, la Planète de la Lumière. Là-bas, les émotions que vous choisissez de partager deviennent lumière.
Pe Siwarha cuvintele ajung greu, dar culorile ajung într-o clipă. Alegeți-le cu grijă.	On Siwarha, words travel slowly, but colours arrive in an instant. Choose them carefully.	Sur Siwarha, les mots arrivent lentement, mais les couleurs en un instant. Choisissez-les avec soin.
Kepler-186 d, Planeta Naturii. Acolo nimic viu nu trăiește singur — totul e o singură rețea.	Kepler-186 d, the Planet of Nature. Nothing alive exists alone there: everything belongs to one network.	Kepler-186 d, la Planète de la Nature. Rien de vivant n'y existe seul : tout appartient à un même réseau.
Ritmurile voastre sunt diferite, și totuși împreună bat ca o singură inimă. Asta învățăm de la Natură.	Your rhythms are different, yet together they beat like one heart. That is what Nature teaches us.	Vos rythmes sont différents, mais ensemble ils battent comme un seul cœur. Voilà ce que la Nature nous apprend.
Mann, Planeta Tehnologiei. Modelele lor cer un singur răspuns; noi am învățat să nu eliminăm nimic.	Mann, the Planet of Technology. Their models demand a single answer; we have learned not to discard anything.	Mann, la Planète de la Technologie. Leurs modèles exigent une seule réponse ; nous avons appris à ne rien écarter.
Pe Mann știau că venim. Dar adevărul nu are o singură formă — și asta i-a surprins.	On Mann, they knew we were coming. But truth has more than one shape, and that surprised them.	Sur Mann, ils savaient que nous venions. Mais la vérité n'a pas une seule forme, et cela les a surpris.
A patra lume nu era ascunsă. Noi nu știam încă s-o vedem. Priviți bine Pământul când îl revedem.	The fourth world was never hidden. We had not yet learned how to see it. Look closely at Earth when we return.	Le quatrième monde n'était pas caché. Nous ne savions pas encore le voir. Regardez bien la Terre quand nous la retrouverons.
Semnalul ne conduce acasă, echipaj. Restul îl veți înțelege la timpul potrivit.	The signal is leading us home, crew. The rest will become clear when the time is right.	Le signal nous ramène à la maison, équipage. Vous comprendrez le reste au bon moment.
Sunt Căpitanul navei EXODUS-7. Comand acest echipaj și răspund pentru fiecare dintre voi.	I am the Captain of EXODUS-7. I command this crew and I am responsible for every one of you.	Je suis le Capitaine du vaisseau EXODUS-7. Je commande cet équipage et je suis responsable de chacun de vous.
Căpitanul, la datorie. Iar voi sunteți echipajul meu — cinci posturi, un singur echipaj.	Captain, reporting for duty. And you are my crew: five stations, one crew.	Le Capitaine, à son poste. Et vous êtes mon équipage : cinq postes, un seul équipage.
Semnalul e împărțit în cinci fragmente, câte unul pentru fiecare post. Îl reconstituim împreună.	The signal has five fragments, one for each station. We are putting it back together.	Le signal est divisé en cinq fragments, un pour chaque poste. Nous le reconstituons ensemble.
Nu știm încă de unde vine semnalul. Știm doar că poartă amprentele acestui echipaj.	We don't yet know where the signal comes from. We only know it carries this crew's fingerprints.	Nous ne savons pas encore d'où vient le signal. Nous savons seulement qu'il porte les empreintes de cet équipage.
Sunteți în siguranță la bord. Eu veghez, iar AGEIS-7 monitorizează fiecare sistem.	You are safe on board. I'm keeping watch, and AGEIS-7 is monitoring every system.	Vous êtes en sécurité à bord. Je veille sur vous, et AGEIS-7 surveille chaque système.
E firesc să simțiți emoție. Un căpitan bun o transformă în atenție. Respirați și priviți înainte.	It's natural to feel nervous. A good captain turns that feeling into focus. Breathe and look ahead.	C'est normal de ressentir de l'émotion. Un bon capitaine la transforme en attention. Respirez et regardez devant vous.
02 · SINCRONIZARE	02 · SYNCHRONIZATION	02 · SYNCHRONISATION
03 · FIȘIERE	03 · FILES	03 · FICHIERS
Cele cinci panouri redate simultan, în geometria reală a sălii.	The five panels play together using the room's physical geometry.	Les cinq écrans sont lus simultanément selon la géométrie réelle de la salle.
Verifică îmbinările, sincronizarea și încadrarea înainte de spectacol.	Check the seams, synchronization and framing before the show.	Vérifiez les raccords, la synchronisation et le cadrage avant le spectacle.
Îmbinările sunt locul unde se vede dacă tăierea în cinci a fost corectă: o linie continuă din film trebuie să treacă fără cot și fără salt de scară.	Check the seams to verify the five crops: a continuous line in the film should cross them without bending or changing scale.	Vérifiez les raccords pour contrôler les cinq découpes : une ligne continue du film doit les traverser sans déformation ni changement d'échelle.
Cinci decodoare independente nu rămân singure împreună. Panoul central e ceasul; celelalte se corectează continuu. Corecția fină e prin viteză de redare, iar peste prag se face salt.	Five independent decoders need active synchronization. The centre panel provides the clock; the others are continuously corrected. Small drift is corrected by playback speed, with a seek above the threshold.	Cinq décodeurs indépendants nécessitent une synchronisation active. L'écran central fournit l'horloge ; les autres sont corrigés en continu. Les petits décalages sont corrigés par la vitesse de lecture, puis par repositionnement au-delà du seuil.
⏸ Pauză	⏸ Pause	⏸ Pause
panelsDir nesetat	panelsDir not configured	panelsDir non configuré
config.video.panelsDir nu este setat. Adaugă în config.json: "video": { …, "panelsDir": "C:/Users/…/Video/panels" }	config.video.panelsDir is not configured. Add to config.json: "video": { …, "panelsDir": "C:/Users/…/Video/panels" }	config.video.panelsDir n'est pas configuré. Ajoutez dans config.json : "video": { …, "panelsDir": "C:/Users/…/Video/panels" }
Nava Glass · Testarea clipurilor · Redarea în browser nu confirmă comportamentul pe televizoarele reale.	Nava Glass · Video clip testing · Browser playback does not verify playback on physical TVs.	Nava Glass · Test des vidéos · La lecture dans le navigateur ne vérifie pas le comportement des téléviseurs physiques.
Jurnal	Log	Journal
EXODUS7 · MISSION CONTROL	EXODUS7 · MISSION CONTROL	EXODUS7 · CENTRE DE CONTRÔLE
Cele mai recente 8 jurnale	8 most recent logs	Les 8 journaux les plus récents
Poți folosi date mobile sau orice conexiune la internet. După descărcare, păstrează PDF-ul și offline.	Use mobile data or any internet connection. Once downloaded, your PDF is available offline.	Utilisez les données mobiles ou toute connexion internet. Une fois téléchargé, le PDF reste disponible hors ligne.
