time_s,x_pc,y_pc,z_pc,qw,qx,qy,qz,stereobase,x_km,y_km,z_km,radius_from_reference_km
0,3.227088318e-10,-3.28035046e-10,-6.376355365e-11,0.6078173715,0.6978490249,0.2857183766,0.2488569682,1,9957.754076345283,-10122.103873856893,-1967.5376801402704,14334.75000133911
0.6666666667,3.227700842e-10,-3.280590264e-10,-6.376821497e-11,0.6073538112,0.6983629678,0.2844530771,0.2499939203,1,9959.64412792021,-10122.843831683645,-1967.6815134465119,14336.605209526773
1.333333333,3.231866442e-10,-3.282219129e-10,-6.379987689e-11,0.6068647003,0.698809216,0.2833086424,0.2512312247,1,9972.497826453671,-10127.869983897423,-1968.6584982138218,14349.218779848017
2,3.242813571e-10,-3.286483383e-10,-6.388276559e-11,0.6063282995,0.6991288901,0.2823966018,0.2526597466,1,10006.277136990664,-10141.028096867007,-1971.2161762473115,14382.340776702767
2.666666667,3.263443261e-10,-3.29445503e-10,-6.403771872e-11,0.6057246347,0.6992695714,0.2818172809,0.2543594969,1,10069.93370893678,-10165.62602930247,-1975.9975302415405,14444.655887543111
3.333333333,3.296363514e-10,-3.307003035e-10,-6.428162723e-11,0.6050352965,0.6991845659,0.2816597736,0.2564000871,1,10171.514995595906,-10204.34512702341,-1983.52376045396,14543.821481485678
4,3.343925591e-10,-3.324759889e-10,-6.46267855e-11,0.6042432169,0.6988321113,0.2820018773,0.2588411795,1,10318.27623032397,-10259.137053329026,-1994.1742318120134,14686.50565352699
4.666666667,3.40825871e-10,-3.348087171e-10,-6.508022194e-11,0.6033324451,0.6981745843,0.2829100244,0.2617329337,1,10516.787493369688,-10331.117524433554,-2008.165818387406,14878.425267429839
5.333333333,3.491300125e-10,-3.37704295e-10,-6.564306526e-11,0.6022879395,0.6971777588,0.2844392377,0.2651164473,1,10773.026525970508,-10420.465722548472,-2025.533348531568,15124.384012252709
6,3.594818104e-10,-3.411353153e-10,-6.630998804e-11,0.6010953865,0.695810154,0.2866331287,0.269024191,1,11092.449633052103,-10526.33594676199,-2046.112435239887,15428.310452656007
6.666666667,3.720425883e-10,-3.450388575e-10,-6.706875979e-11,0.5997410537,0.6940425054,0.2895239533,0.2734804374,1,11480.034740773324,-10646.786673311444,-2069.525685024327,15793.296067551573
7.333333333,3.869585381e-10,-3.493148843e-10,-6.789993521e-11,0.598211682,0.6918473789,0.2931327363,0.2785016818,1,11940.29285981843,-10778.731073657607,-2095.1730786221333,16221.633313752533
8,4.0436001e-10,-3.538254461e-10,-6.87766996e-11,0.5964944181,0.6891989441,0.2974694731,0.2840970561,1,12477.24617708625,-10917.912467919521,-2122.227200846863,16714.853667106403
8.666666667,4.243597378e-10,-3.583947944e-10,-6.966489093e-11,0.5945767886,0.6860729089,0.3025334165,0.2902687341,1,13094.373294170147,-11058.907824032878,-2149.633921597423,17273.765664278715
9.333333333,4.470500858e-10,-3.628104975e-10,-7.052321666e-11,0.5924467144,0.6824466144,0.308313454,0.2970123283,1,13794.524275568523,-11195.162184654797,-2176.119086224205,17898.492970286723
10,4.724994686e-10,-3.668256403e-10,-7.130368137e-11,0.5900925645,0.6782992757,0.3147885818,0.3043172795,1,14579.810175256041,-11319.05654589926,-2200.2017108121263,18588.512404278757
10.66666667,5.00748161e-10,-3.701621777e-10,-7.195223853e-11,0.5875032481,0.6736123536,0.3219284789,0.3121672388,1,15451.473743707296,-11422.011332449136,-2220.2140937014037,19342.692014115895
11.33333333,5.318037631e-10,-3.72515484e-10,-7.240967494e-11,0.5846683425,0.6683700301,0.3296941847,0.3205404447,1,16409.749495504162,-11494.62677737206,-2234.3291064543528,20159.329101243096
12,5.656366319e-10,-3.735601112e-10,-7.261272989e-11,0.5815782561,0.662559761,0.3380388788,0.3294100963,1,17453.722743241146,-11526.860604692622,-2240.5947275246112,21036.188289016594
12.66666667,6.021756153e-10,-3.729567189e-10,-7.249544231e-11,0.578224423,0.6561728722,0.3469087615,0.3387447265,1,18581.1979625198,-11508.241863763076,-2236.9756109626774,21970.53955644378
13.33333333,6.413044371e-10,-3.70360089e-10,-7.19907086e-11,0.5745995276,0.6492051659,0.3562440269,0.3485085777,1,19788.587244704104,-11428.118237064475,-2221.401156026978,22959.19629859873
14,6.82859072e-10,-3.654280732e-10,-7.103202183e-11,0.5706977561,0.6416575031,0.3659799185,0.3586619845,1,21070.829297883996,-11275.932131208263,-2191.8191732883643,23998.553373413488
14.66666667,7.266264222e-10,-3.578312571e-10,-6.955535038e-11,0.5665150692,0.6335363283,0.3760478512,0.3691617677,1,22421.348611018213,-11041.518879903437,-2146.25385340343,25084.62513802671
15.33333333,7.72344558e-10,-3.472630646e-10,-6.750110185e-11,0.5620494919,0.6248541079,0.3863765809,0.3799616431,1,23832.06287807459,-10715.418533162085,-2082.8663670451047,26213.083520797434
16,8.197047146e-10,-3.334499648e-10,-6.481610725e-11,0.5573014132,0.6156296558,0.3968933979,0.3910126501,1,25293.444612839994,-10289.190809324455,-2000.0160906086505,27379.296051143916
16.66666667,8.683551536e-10,-3.161614071e-10,-6.145555205e-11,0.5522738853,0.605888327,0.4075253184,0.4022636022,1,26794.640302360127,-9755.721660212355,-1896.3201921886082,28578.363919505617
17.33333333,9.179068976e-10,-2.952190787e-10,-5.738477579e-11,0.5469729149,0.595662065,0.4182002464,0.4136615629,1,28323.64735820612,-9109.508927731255,-1770.7091617411156,29805.160014868332
18,9.679412414e-10,-2.705050805e-10,-5.258086117e-11,0.5414077318,0.5849892967,0.4288480779,0.4251523453,1,29867.54588788904,-8346.914625783676,-1622.4758452777894,31054.3669876523
18.66666667,1.018018835e-9,-2.419686339e-10,-4.703393785e-11,0.535591025,0.5739146742,0.4394017221,0.4366810361,1,31412.778966954593,-7466.37189049322,-1451.3156759300327,32320.515293310105
19.33333333,1.067690034e-9,-2.096309803e-10,-4.074813475e-11,0.5295391297,0.5624886712,0.4497980129,0.4481925395,1,32945.47201895555,-6468.536162977684,-1257.3560588566434,33598.02123492211
20,1.116506127e-9,-1.735882006e-10,-3.374212809e-11,0.5232721552,0.5507670449,0.4599784928,0.4596321355,1,34451.77925681653,-5356.372190028463,-1041.1732819912313,34881.22501864945
20.66666667,1.16403098e-9,-1.340117731e-10,-2.604924988e-11,0.5168140381,0.538810181,0.4698900528,0.4709460448,1,35918.24299147426,-4135.171239105779,-803.7958636938268,36164.42877416714
21.33333333,1.209852605e-9,-9.114678942e-11,-1.77171411e-11,0.5101925111,0.5266823429,0.4794854171,0.482081991,1,37332.15060157431,-2812.4960473820856,-546.693851003893,37441.93473529233
22,1.253594123e-9,-4.530785924e-11,-8.806955686e-12,0.5034389778,0.5144508459,0.4887234707,0.4929897483,1,38681.87281630431,-1398.054455222345,-271.75425721478126,38708.08302167422
22.66666667,1.29492366e-9,3.127156833e-12,6.078577119e-13,0.4965882874,0.5021851816,0.4975694285,0.5036216636,1,39957.169074047495,96.49397733395644,18.756529143464682,39957.289989525874
23.33333333,1.333562696e-9,5.372534413e-11,1.0443149e-11,0.489678406,0.4899561138,0.5059948544,0.5139331402,1,41149.44514560387,1657.7908993984981,322.2419074947399,41184.08608071977
24,1.369292522e-9,1.06008533e-10,2.060597141e-11,0.4827499851,0.4778347676,0.5139775424,0.5238830716,1,42251.952376391746,3271.081537248878,635.8338402468906,42383.153949565974
24.66666667,1.401958518e-9,1.594643074e-10,3.099672137e-11,0.4758458325,0.4658917307,0.5215012726,0.5334342149,1,43259.91969173461,4920.554383922279,956.4588823114337,43549.36647959436
25.33333333,1.431472094e-9,2.135577913e-10,4.151142949e-11,0.4539226983,0.4687436061,0.5157324571,0.5552059513,1,44170.61348986303,6589.704889672222,1280.9088735295263,44677.82485916393
26,1.457810246e-9,2.677437686e-10,5.204411651e-11,0.4468550303,0.4595492187,0.5211970402,0.5634613942,1,44983.323941506154,8261.709443530322,1605.9136356343174,45763.89662562526
26.66666667,1.481012801e-9,3.21478709e-10,6.248913084e-11,0.4416899948,0.4526586612,0.5252027885,0.5693611471,1,45699.279979474355,9919.79645288087,1928.213101198688,46803.25371245687
27.33333333,1.501177533e-9,3.742323114e-10,7.274339237e-11,0.4393091123,0.4490125448,0.5273391939,0.5721089171,1,46321.49859416617,11547.602535566763,2244.6265503773916,47791.91045228706
28,1.518453437e-9,4.254982375e-10,8.270847894e-11,0.4405832574,0.4496063668,0.5271308046,0.5708534165,1,46854.57729089414,13129.503724178394,2552.116992644089,48726.26173118281
28.66666667,1.533032506e-9,4.748037858e-10,9.229250667e-11,0.4464448673,0.4556551615,0.5238704503,0.5644688702,1,47304.4403546173,14650.913974502893,2847.849187712615,49603.120895239896
29.33333333,1.545140446e-9,5.217183361e-10,1.014117714e-10,0.457906988,0.4687381557,0.5163983034,0.551306198,1,47678.05234477772,16098.545735567484,3129.2402950830738,50419.75798252005
30,1.555026755e-9,5.658604833e-10,1.099921357e-10,0.4759294748,0.4908377535,0.5027845743,0.5289396058,1,47983.11196522769,17460.6300757068,3394.002672698463,51173.93761135191
30.66666667,1.562954642e-9,6.069038589e-10,1.179701597e-10,0.500919124,0.5239825208,0.4799609083,0.4941253642,1,48227.74099707265,18727.0963152833,3640.178770712463,51863.9570372852
31.33333333,1.569191234e-9,6.445817043e-10,1.25293991e-10,0.5316240783,0.5688381091,0.4437701922,0.443697038,1,48420.18211826574,19889.713143980076,3866.168591242811,52488.68435093175
32,1.573998471e-9,6.786903207e-10,1.319240343e-10,0.5639121911,0.6218374341,0.3908899794,0.377526516,1,48568.517952663904,20942.195073591764,4070.750350994081,53047.59635495963
32.66666667,1.57762508e-9,7.090915495e-10,1.378334346e-10,0.5917233662,0.6735819283,0.3236394979,0.3023380874,1,48680.42341354525,21880.27897517126,4253.095391251765,53540.81669306561
33.33333333,1.580299926e-9,7.357144636e-10,1.430084049e-10,0.6111774323,0.7140247116,0.2524057649,0.2300482283,1,48762.96053690666,22701.776267094665,4412.778289647702,53969.15395148163
34,1.582226972e-9,7.58556444e-10,1.474484361e-10,0.6227648594,0.7400378811,0.1889289346,0.169746052,1,48822.42296331369,23406.606135466114,4549.783336997324,54334.139573597364
34.66666667,1.583582018e-9,7.77683808e-10,1.51166419e-10,0.629071388,0.7547792647,0.1387926093,0.123749998,1,48864.23531395459,23996.814918344367,4664.508301826306,54638.0660047609
35.33333333,1.584511276e-9,7.932321279e-10,1.541887062e-10,0.6323772131,0.7626240801,0.101794786,0.09022967598,1,48892.90921973481,24476.585939797227,4757.76634040499,54884.02474115213
36,1.585131757e-9,8.054063525e-10,1.565551358e-10,0.6340885769,0.7666986038,0.07548595364,0.0663837211,1,48912.055262849215,24852.24325899984,4830.786728053965,55075.944344627096
36.66666667,1.58553335e-9,8.14480814e-10,1.583190324e-10,0.6349689911,0.7687983222,0.05730403609,0.04979726601,1,48924.447128019056,25132.2518831464,4885.214890000854,55218.62852354931
37.33333333,1.585782359e-9,8.207991852e-10,1.595471994e-10,0.6354169987,0.7698730494,0.04521615237,0.03868106953,1,48932.130742907946,25327.216446780207,4923.112163783129,55317.7941114817
38,1.585926177e-9,8.247744408e-10,1.603199108e-10,0.6356387222,0.7704108028,0.03772332231,0.03174209646,1,48936.5685026921,25449.88001763639,4946.955546222557,55380.109235239564
38.66666667,1.585998637e-9,8.268888923e-10,1.607309185e-10,0.63574021,0.7706600717,0.03368182936,0.02798166507,1,48938.804384667645,25515.125173543398,4959.63791867966,55413.231231419435
39.33333333,1.586025504e-9,8.276943949e-10,1.608874924e-10,0.6357767539,0.7707506665,0.03208522996,0.02649277893,1,48939.63341366347,25539.980386689924,4964.4692844104275,55425.84480269224
40,1.586029422e-9,8.278128812e-10,1.609105238e-10,0.6357821966,0.7707642131,0.03183949707,0.02626352527,1,48939.75431051111,25543.636491886165,4965.179959156931,55427.70001749687
